{
  "fs": 250,
  "half_window": 62,
  "segment_len": 125,
  "lowcut": 0.5,
  "highcut": 40,
  "filter_order": 4,
  "filter_type": "butterworth_bandpass",
  "apply_mode": "filtfilt",
  "b_coeffs": [
    0.021961263433741933,
    0.0,
    -0.08784505373496773,
    0.0,
    0.13176758060245158,
    0.0,
    -0.08784505373496773,
    0.0,
    0.021961263433741933
  ],
  "a_coeffs": [
    1.0,
    -5.406154514350461,
    12.768907456916438,
    -17.41964841062876,
    15.19071652785795,
    -8.716442114872699,
    3.1973474109967395,
    -0.6803537539243671,
    0.06562740718021454
  ],
  "rpeak_min_distance_sec": 0.3,
  "rpeak_min_height": 0.3,
  "classes": [
    "F",
    "N",
    "Q",
    "S",
    "V"
  ],
  "scaler_mean": -0.24596690238561122,
  "scaler_scale": 0.5644256588195321
}